{"cameraMode":{"drawMode":0,"name":"Shaded","section":"Shading Mode"},"sceneLighting":true,"audioPlay":false,"sceneViewState":{"showFog":true,"showMaterialUpdate":false,"showSkybox":true,"showFlares":true,"showImageEffects":true,"showParticleSystems":true},"in2DMode":false,"pivot":{"x":7.194120407104492,"y":0.4040377140045166,"z":1.189387559890747},"rotation":{"x":-0.0210212804377079,"y":0.9789791703224182,"z":-0.14345525205135346,"w":-0.14345523715019227},"size":14.076457023620606,"orthographic":true}