{"cameraMode":{"drawMode":0,"name":"Shaded","section":"Shading Mode"},"sceneLighting":true,"audioPlay":false,"sceneViewState":{"showFog":true,"showMaterialUpdate":false,"showSkybox":true,"showFlares":true,"showImageEffects":true,"showParticleSystems":true},"in2DMode":false,"pivot":{"x":-34.592472076416019,"y":2.1344447135925295,"z":13.478080749511719},"rotation":{"x":0.003912085667252541,"y":0.49418091773986819,"z":-0.002223819959908724,"w":0.8693475723266602},"size":3.855642557144165,"orthographic":false}